{
  "hash": "6398f494",
  "configHash": "ed3fa889",
  "lockfileHash": "8a43bcf1",
  "browserHash": "72625523",
  "optimized": {
    "@angular/common": {
      "src": "../../../../../../node_modules/@angular/common/fesm2022/common.mjs",
      "file": "@angular_common.js",
      "fileHash": "edbe6cd5",
      "needsInterop": false
    },
    "@angular/common/http": {
      "src": "../../../../../../node_modules/@angular/common/fesm2022/http.mjs",
      "file": "@angular_common_http.js",
      "fileHash": "69416518",
      "needsInterop": false
    },
    "@angular/core": {
      "src": "../../../../../../node_modules/@angular/core/fesm2022/core.mjs",
      "file": "@angular_core.js",
      "fileHash": "146af5e9",
      "needsInterop": false
    },
    "@angular/platform-browser": {
      "src": "../../../../../../node_modules/@angular/platform-browser/fesm2022/platform-browser.mjs",
      "file": "@angular_platform-browser.js",
      "fileHash": "f0fbadff",
      "needsInterop": false
    },
    "@angular/router": {
      "src": "../../../../../../node_modules/@angular/router/fesm2022/router.mjs",
      "file": "@angular_router.js",
      "fileHash": "1fcb90f4",
      "needsInterop": false
    },
    "ng2-charts": {
      "src": "../../../../../../node_modules/ng2-charts/fesm2022/ng2-charts.mjs",
      "file": "ng2-charts.js",
      "fileHash": "234e700f",
      "needsInterop": false
    },
    "zone.js": {
      "src": "../../../../../../node_modules/zone.js/fesm2015/zone.js",
      "file": "zone__js.js",
      "fileHash": "9b905670",
      "needsInterop": true
    }
  },
  "chunks": {
    "chunk-PT3WVTC6": {
      "file": "chunk-PT3WVTC6.js"
    },
    "chunk-4PRTU3DV": {
      "file": "chunk-4PRTU3DV.js"
    },
    "chunk-QF5WOEAC": {
      "file": "chunk-QF5WOEAC.js"
    },
    "chunk-DBQVMHQU": {
      "file": "chunk-DBQVMHQU.js"
    },
    "chunk-MH2WPQJL": {
      "file": "chunk-MH2WPQJL.js"
    },
    "chunk-WDMUDEB6": {
      "file": "chunk-WDMUDEB6.js"
    }
  }
}